{
  "dataset": "cardio70k",
  "csv_path": "C:\\Users\\13363\\Desktop\\code\\algorithm\\cardio_train.csv",
  "target": "cardio",
  "model": "logreg",
  "best_params": {
    "model__C": 2
  },
  "cv_best_score_roc_auc": 0.7837322631082699,
  "test_metrics": {
    "accuracy": 0.7135,
    "precision": 0.7315030246626338,
    "recall": 0.6740994854202401,
    "f1": 0.701629100647177,
    "roc_auc": 0.7787737338853009,
    "pr_auc": 0.7570214010848371,
    "confusion_matrix": [
      [
        5273,
        1731
      ],
      [
        2280,
        4716
      ]
    ]
  },
  "n_train": 56000,
  "n_test": 14000,
  "cv_folds": 2,
  "n_iter": 2,
  "run_id": "20260331_194240"
}