{
  "dataset": "cardio70k",
  "csv_path": "C:\\Users\\13363\\Desktop\\code\\algorithm\\cardio_train.csv",
  "target": "cardio",
  "model": "rf",
  "best_params": {
    "model__n_estimators": 900,
    "model__min_samples_split": 10,
    "model__min_samples_leaf": 1,
    "model__max_features": "sqrt",
    "model__max_depth": 12
  },
  "cv_best_score_roc_auc": 0.8017940300453071,
  "test_metrics": {
    "accuracy": 0.7331428571428571,
    "precision": 0.7564505978602895,
    "recall": 0.6872498570611778,
    "f1": 0.7201917315757939,
    "roc_auc": 0.7990036588583376,
    "pr_auc": 0.7835491948064406,
    "confusion_matrix": [
      [
        5456,
        1548
      ],
      [
        2188,
        4808
      ]
    ]
  },
  "n_train": 56000,
  "n_test": 14000,
  "cv_folds": 3,
  "n_iter": 8,
  "run_id": "20260331_174410"
}