{
  "dataset": "cardio70k",
  "csv_path": "C:\\Users\\13363\\Desktop\\code\\algorithm\\cardio_train.csv",
  "target": "cardio",
  "model": "cat",
  "best_params": {
    "model__learning_rate": 0.03,
    "model__l2_leaf_reg": 1,
    "model__iterations": 1000,
    "model__depth": 4
  },
  "cv_best_score_roc_auc": 0.802909981999195,
  "test_metrics": {
    "accuracy": 0.7329285714285714,
    "precision": 0.7492729220878617,
    "recall": 0.699685534591195,
    "f1": 0.7236307191958016,
    "roc_auc": 0.7999334652843968,
    "pr_auc": 0.7836350272582668,
    "confusion_matrix": [
      [
        5366,
        1638
      ],
      [
        2101,
        4895
      ]
    ]
  },
  "n_train": 56000,
  "n_test": 14000,
  "cv_folds": 2,
  "n_iter": 2,
  "run_id": "20260331_194240"
}