{
  "dataset": "cardio70k",
  "csv_path": "C:\\Users\\13363\\Desktop\\code\\algorithm\\cardio_train.csv",
  "target": "cardio",
  "model": "lgbm",
  "best_params": {
    "model__subsample": 0.7,
    "model__reg_lambda": 0.0,
    "model__num_leaves": 127,
    "model__n_estimators": 500,
    "model__min_child_samples": 40,
    "model__learning_rate": 0.01,
    "model__colsample_bytree": 1.0
  },
  "cv_best_score_roc_auc": 0.800015054765946,
  "test_metrics": {
    "accuracy": 0.7325,
    "precision": 0.7518983418565008,
    "recall": 0.6935391652372784,
    "f1": 0.7215406349914492,
    "roc_auc": 0.7985404342172846,
    "pr_auc": 0.7833942833754395,
    "confusion_matrix": [
      [
        5403,
        1601
      ],
      [
        2144,
        4852
      ]
    ]
  },
  "n_train": 56000,
  "n_test": 14000,
  "cv_folds": 3,
  "n_iter": 8,
  "run_id": "20260331_174410"
}