{
  "dataset": "cardio70k",
  "csv_path": "C:\\Users\\13363\\Desktop\\code\\algorithm\\cardio_train.csv",
  "target": "cardio",
  "model": "xgb",
  "best_params": {
    "model__subsample": 0.85,
    "model__reg_lambda": 2.0,
    "model__n_estimators": 900,
    "model__min_child_weight": 10,
    "model__max_depth": 6,
    "model__learning_rate": 0.01,
    "model__colsample_bytree": 0.85
  },
  "cv_best_score_roc_auc": 0.8028397294287375,
  "test_metrics": {
    "accuracy": 0.7335714285714285,
    "precision": 0.7526299504950495,
    "recall": 0.6953973699256718,
    "f1": 0.7228826151560178,
    "roc_auc": 0.8007271084006885,
    "pr_auc": 0.7842096703392754,
    "confusion_matrix": [
      [
        5405,
        1599
      ],
      [
        2131,
        4865
      ]
    ]
  },
  "n_train": 56000,
  "n_test": 14000,
  "cv_folds": 2,
  "n_iter": 2,
  "run_id": "20260331_194240"
}