{
  "dataset": "cardio70k",
  "csv_path": "C:\\Users\\13363\\Desktop\\code\\algorithm\\cardio_train.csv",
  "target": "cardio",
  "model": "logreg",
  "best_params": {
    "model__C": 10
  },
  "cv_best_score_roc_auc": 0.783719041162371,
  "test_metrics": {
    "accuracy": 0.7135714285714285,
    "precision": 0.7316165063605337,
    "recall": 0.6740994854202401,
    "f1": 0.7016812974259783,
    "roc_auc": 0.7788859788199115,
    "pr_auc": 0.7571581113179994,
    "confusion_matrix": [
      [
        5274,
        1730
      ],
      [
        2280,
        4716
      ]
    ]
  },
  "n_train": 56000,
  "n_test": 14000,
  "cv_folds": 3,
  "n_iter": 8,
  "run_id": "20260331_174410"
}