{
  "dataset": "cardio70k",
  "csv_path": "C:\\Users\\13363\\Desktop\\code\\algorithm\\cardio_train.csv",
  "target": "cardio",
  "model": "lgbm",
  "best_params": {
    "model__subsample": 1.0,
    "model__reg_lambda": 1.0,
    "model__num_leaves": 127,
    "model__n_estimators": 1000,
    "model__min_child_samples": 20,
    "model__learning_rate": 0.01,
    "model__colsample_bytree": 0.85
  },
  "cv_best_score_roc_auc": 0.7969620715897399,
  "test_metrics": {
    "accuracy": 0.7305,
    "precision": 0.7488034583912305,
    "recall": 0.6932532875929103,
    "f1": 0.7199584353892972,
    "roc_auc": 0.7975956379904124,
    "pr_auc": 0.7793377507012216,
    "confusion_matrix": [
      [
        5377,
        1627
      ],
      [
        2146,
        4850
      ]
    ]
  },
  "n_train": 56000,
  "n_test": 14000,
  "cv_folds": 2,
  "n_iter": 2,
  "run_id": "20260331_194240"
}