run_id,dataset,model,cv_roc_auc,test_accuracy,test_precision,test_recall,test_f1,test_roc_auc,test_pr_auc,n_train,n_test,cv_folds,n_iter
20260331_174410,cardio70k,xgb,0.8036875327362444,0.735,0.7552034793414104,0.6949685534591195,0.7238350454071758,0.8004959756721554,0.7833999484397786,56000,14000,3,8
20260331_174410,cardio70k,cat,0.8038556465639483,0.7334285714285714,0.7503835532371893,0.6991137793024585,0.7238419416900992,0.8004849654644786,0.7847136115774274,56000,14000,3,8
20260331_174410,cardio70k,rf,0.8017940300453071,0.7331428571428571,0.7564505978602895,0.6872498570611778,0.7201917315757939,0.7990036588583376,0.7835491948064406,56000,14000,3,8
20260331_174410,cardio70k,lgbm,0.800015054765946,0.7325,0.7518983418565008,0.6935391652372784,0.7215406349914492,0.7985404342172846,0.7833942833754395,56000,14000,3,8
20260331_174410,cardio70k,logreg,0.783719041162371,0.7135714285714285,0.7316165063605337,0.6740994854202401,0.7016812974259783,0.7788859788199115,0.7571581113179994,56000,14000,3,8
