run_id,dataset,model,cv_roc_auc,test_accuracy,test_precision,test_recall,test_f1,test_roc_auc,test_pr_auc,n_train,n_test,cv_folds,n_iter
20260331_194240,cardio70k,xgb,0.8028397294287375,0.7335714285714285,0.7526299504950495,0.6953973699256718,0.7228826151560178,0.8007271084006885,0.7842096703392754,56000,14000,2,2
20260331_194240,cardio70k,cat,0.802909981999195,0.7329285714285714,0.7492729220878617,0.699685534591195,0.7236307191958016,0.7999334652843968,0.7836350272582668,56000,14000,2,2
20260331_194240,cardio70k,rf,0.8018104599281084,0.7327142857142858,0.7565436770734784,0.6858204688393368,0.7194481931324037,0.7987809649080702,0.7832627006264206,56000,14000,2,2
20260331_194240,cardio70k,lgbm,0.7969620715897399,0.7305,0.7488034583912305,0.6932532875929103,0.7199584353892972,0.7975956379904124,0.7793377507012216,56000,14000,2,2
20260331_194240,cardio70k,logreg,0.7837322631082699,0.7135,0.7315030246626338,0.6740994854202401,0.701629100647177,0.7787737338853009,0.7570214010848371,56000,14000,2,2
