{
  "dataset": "cardio70k",
  "csv_path": "C:\\Users\\13363\\Desktop\\code\\algorithm\\cardio_train.csv",
  "target": "cardio",
  "model": "xgb",
  "best_params": {
    "model__subsample": 0.85,
    "model__reg_lambda": 2.0,
    "model__n_estimators": 300,
    "model__min_child_weight": 10,
    "model__max_depth": 4,
    "model__learning_rate": 0.03,
    "model__colsample_bytree": 0.7
  },
  "cv_best_score_roc_auc": 0.8036875327362444,
  "test_metrics": {
    "accuracy": 0.735,
    "precision": 0.7552034793414104,
    "recall": 0.6949685534591195,
    "f1": 0.7238350454071758,
    "roc_auc": 0.8004959756721554,
    "pr_auc": 0.7833999484397786,
    "confusion_matrix": [
      [
        5428,
        1576
      ],
      [
        2134,
        4862
      ]
    ]
  },
  "n_train": 56000,
  "n_test": 14000,
  "cv_folds": 3,
  "n_iter": 8,
  "run_id": "20260331_174410"
}