{
  "dataset": "cardio70k",
  "csv_path": "C:\\Users\\13363\\Desktop\\code\\algorithm\\cardio_train.csv",
  "target": "cardio",
  "model": "rf",
  "best_params": {
    "model__n_estimators": 300,
    "model__min_samples_split": 10,
    "model__min_samples_leaf": 4,
    "model__max_features": "sqrt",
    "model__max_depth": 12
  },
  "cv_best_score_roc_auc": 0.8018104599281084,
  "test_metrics": {
    "accuracy": 0.7327142857142858,
    "precision": 0.7565436770734784,
    "recall": 0.6858204688393368,
    "f1": 0.7194481931324037,
    "roc_auc": 0.7987809649080702,
    "pr_auc": 0.7832627006264206,
    "confusion_matrix": [
      [
        5460,
        1544
      ],
      [
        2198,
        4798
      ]
    ]
  },
  "n_train": 56000,
  "n_test": 14000,
  "cv_folds": 2,
  "n_iter": 2,
  "run_id": "20260331_194240"
}