{
  "dataset": "cardio70k",
  "csv_path": "C:\\Users\\13363\\Desktop\\code\\algorithm\\cardio_train.csv",
  "target": "cardio",
  "run_id": "20260331_194240",
  "model": "xgb",
  "best_params": {
    "subsample": 0.85,
    "reg_lambda": 2.0,
    "n_estimators": 900,
    "min_child_weight": 10,
    "max_depth": 6,
    "learning_rate": 0.01,
    "colsample_bytree": 0.85
  },
  "row": {
    "run_id": "20260331_194240",
    "dataset": "cardio70k",
    "model": "xgb",
    "cv_roc_auc": 0.8028397294287375,
    "test_accuracy": 0.7335714285714285,
    "test_precision": 0.7526299504950495,
    "test_recall": 0.6953973699256718,
    "test_f1": 0.7228826151560178,
    "test_roc_auc": 0.8007271084006885,
    "test_pr_auc": 0.7842096703392754,
    "n_train": 56000,
    "n_test": 14000,
    "cv_folds": 2,
    "n_iter": 2
  }
}