run_id,dataset,model,cv_roc_auc,test_accuracy,test_precision,test_recall,test_f1,test_roc_auc,test_pr_auc,n_train,n_test
20260331_173052,uci_cleveland,logreg,0.8932164453903585,0.8688524590163934,0.8125,0.9285714285714286,0.8666666666666667,0.9653679653679654,0.9545798855136657,243,61
20260331_173052,uci_cleveland,lgbm,0.8941477202346768,0.9016393442622951,0.8666666666666667,0.9285714285714286,0.896551724137931,0.9642857142857143,0.9592023454313537,243,61
20260331_173052,uci_cleveland,xgb,0.9019455986847291,0.8852459016393442,0.8620689655172413,0.8928571428571429,0.8771929824561403,0.9588744588744588,0.9546963532915085,243,61
20260331_173052,uci_cleveland,cat,0.8853923853923853,0.8852459016393442,0.8387096774193549,0.9285714285714286,0.8813559322033898,0.9556277056277056,0.9500681550312645,243,61
20260331_173052,uci_cleveland,rf,0.8978632478632479,0.9016393442622951,0.8666666666666667,0.9285714285714286,0.896551724137931,0.9545454545454546,0.9378618422411524,243,61
