run_id,dataset,model,cv_roc_auc,test_accuracy,test_precision,test_recall,test_f1,test_roc_auc,test_pr_auc,n_train,n_test,cv_folds,n_iter,shap
20260331_195517,uci_cleveland,xgb,0.8498069165682802,0.8688524590163934,0.8333333333333334,0.8928571428571429,0.8620689655172413,0.9664502164502164,0.9638615693104396,243,61,2,2,True
20260331_195517,uci_cleveland,logreg,0.8822953561589926,0.8852459016393442,0.8387096774193549,0.9285714285714286,0.8813559322033898,0.9632034632034633,0.9485051389203433,243,61,2,2,True
20260331_195517,uci_cleveland,lgbm,0.8435237111373475,0.9180327868852459,0.8709677419354839,0.9642857142857143,0.9152542372881356,0.962121212121212,0.9592813333663954,243,61,2,2,True
20260331_195517,uci_cleveland,cat,0.8471886068476977,0.8852459016393442,0.8181818181818182,0.9642857142857143,0.8852459016393442,0.9567099567099566,0.9432640752399952,243,61,2,2,True
20260331_195517,uci_cleveland,rf,0.8685852026761117,0.8852459016393442,0.8387096774193549,0.9285714285714286,0.8813559322033898,0.9545454545454546,0.9470796628994517,243,61,2,2,True
