run_id,dataset,model,cv_roc_auc,test_accuracy,test_precision,test_recall,test_f1,test_roc_auc,test_pr_auc,n_train,n_test,cv_folds,n_iter,shap
20260407_221314,uci_cleveland,lgbm,0.8924495794061011,0.9016393442622951,0.8666666666666667,0.9285714285714286,0.896551724137931,0.9686147186147187,0.9639617143432035,243,61,5,25,False
20260407_221314,uci_cleveland,xgb,0.9016539418713332,0.8852459016393442,0.8620689655172413,0.8928571428571429,0.8771929824561403,0.9653679653679654,0.9626405680894384,243,61,5,25,False
20260407_221314,uci_cleveland,logreg,0.8979206783554611,0.8852459016393442,0.8387096774193549,0.9285714285714286,0.8813559322033898,0.9632034632034632,0.9473765696338793,243,61,5,25,False
20260407_221314,uci_cleveland,rf,0.8955637759985586,0.9180327868852459,0.8709677419354839,0.9642857142857143,0.9152542372881356,0.9588744588744589,0.9403266883328458,243,61,5,25,False
20260407_221314,uci_cleveland,cat,0.8851057959753612,0.9016393442622951,0.84375,0.9642857142857143,0.9,0.9588744588744589,0.9461868140901534,243,61,5,25,False
