{
  "dataset": "uci_cleveland",
  "csv_path": "C:\\Users\\13363\\Desktop\\ukm\\p1\\heart_disease_uci.csv",
  "target": "num",
  "model": "xgb",
  "best_params": {
    "model__subsample": 1.0,
    "model__reg_lambda": 1.0,
    "model__n_estimators": 900,
    "model__min_child_weight": 10,
    "model__max_depth": 4,
    "model__learning_rate": 0.01,
    "model__colsample_bytree": 0.85
  },
  "cv_best_score_roc_auc": 0.9019455986847291,
  "test_metrics": {
    "accuracy": 0.8852459016393442,
    "precision": 0.8620689655172413,
    "recall": 0.8928571428571429,
    "f1": 0.8771929824561403,
    "roc_auc": 0.9588744588744588,
    "pr_auc": 0.9546963532915085,
    "confusion_matrix": [
      [
        29,
        4
      ],
      [
        3,
        25
      ]
    ]
  },
  "n_train": 243,
  "n_test": 61,
  "run_id": "20260331_173052"
}