{
  "dataset": "uci_cleveland",
  "csv_path": "C:\\Users\\13363\\Desktop\\ukm\\p1\\heart_disease_uci.csv",
  "target": "num",
  "model": "cat",
  "best_params": {
    "model__learning_rate": 0.01,
    "model__l2_leaf_reg": 3,
    "model__iterations": 500,
    "model__depth": 6
  },
  "cv_best_score_roc_auc": 0.8853923853923853,
  "test_metrics": {
    "accuracy": 0.8852459016393442,
    "precision": 0.8387096774193549,
    "recall": 0.9285714285714286,
    "f1": 0.8813559322033898,
    "roc_auc": 0.9556277056277056,
    "pr_auc": 0.9500681550312645,
    "confusion_matrix": [
      [
        28,
        5
      ],
      [
        2,
        26
      ]
    ]
  },
  "n_train": 243,
  "n_test": 61,
  "run_id": "20260331_173052"
}