run_id,dataset,model,cv_roc_auc,test_accuracy,test_precision,test_recall,test_f1,test_roc_auc,test_pr_auc,n_train,n_test,cv_folds,n_iter,shap
20260407_232426,uci_cleveland,xgb,0.9016539418713332,0.8852459016393442,0.8620689655172413,0.8928571428571429,0.8771929824561403,0.9653679653679654,0.9626405680894384,243,61,5,10,False
20260407_232426,uci_cleveland,lgbm,0.8941477202346768,0.9016393442622951,0.8666666666666667,0.9285714285714286,0.896551724137931,0.9642857142857143,0.9592023454313537,243,61,5,10,False
20260407_232426,uci_cleveland,logreg,0.8979206783554611,0.8852459016393442,0.8387096774193549,0.9285714285714286,0.8813559322033898,0.9632034632034632,0.9473765696338793,243,61,5,10,False
20260407_232426,uci_cleveland,rf,0.8949100818666036,0.9016393442622951,0.84375,0.9642857142857143,0.9,0.95995670995671,0.9464336325976849,243,61,5,10,False
