{
  "dataset": "uci_cleveland",
  "csv_path": "C:\\Users\\13363\\Desktop\\ukm\\p1\\heart_disease_uci.csv",
  "target": "num",
  "model": "logreg",
  "best_params": {
    "model__C": 0.05
  },
  "cv_best_score_roc_auc": 0.8932164453903585,
  "test_metrics": {
    "accuracy": 0.8688524590163934,
    "precision": 0.8125,
    "recall": 0.9285714285714286,
    "f1": 0.8666666666666667,
    "roc_auc": 0.9653679653679654,
    "pr_auc": 0.9545798855136657,
    "confusion_matrix": [
      [
        27,
        6
      ],
      [
        2,
        26
      ]
    ]
  },
  "n_train": 243,
  "n_test": 61,
  "run_id": "20260331_173052"
}