run_id,dataset,model,cv_roc_auc,test_accuracy,test_precision,test_recall,test_f1,test_roc_auc,test_pr_auc,n_train,n_test,cv_folds,n_iter,shap
20260407_234017,framingham,logreg,0.729784236804312,0.6674528301886793,0.2524271844660194,0.6046511627906976,0.3561643835616438,0.7004560597729405,0.3006329399975536,3392,848,3,6,False
20260407_234017,framingham,xgb,0.718216754092175,0.8490566037735849,0.5294117647058824,0.06976744186046512,0.1232876712328767,0.6685318756671087,0.29455223116499585,3392,848,3,6,False
20260407_234017,framingham,rf,0.7124566778231154,0.8231132075471698,0.32786885245901637,0.15503875968992248,0.21052631578947367,0.6567799808088323,0.26722707556328695,3392,848,3,6,False
20260407_234017,framingham,lgbm,0.6995069885808659,0.8325471698113207,0.27586206896551724,0.06201550387596899,0.10126582278481013,0.6251145540209808,0.24071968203680763,3392,848,3,6,False
