run_id,dataset,model,cv_roc_auc,test_accuracy,test_precision,test_recall,test_f1,test_roc_auc,test_pr_auc,n_train,n_test,cv_folds,n_iter
20260331_173648,framingham,logreg,0.7313289421227898,0.6674528301886793,0.2524271844660194,0.6046511627906976,0.3561643835616438,0.7004560597729405,0.3006329399975536,3392,848,5,25
20260331_173648,framingham,cat,0.7289018045588855,0.8466981132075472,0.4444444444444444,0.031007751937984496,0.057971014492753624,0.6834751107804768,0.27955422611843894,3392,848,5,25
20260331_173648,framingham,rf,0.7188305485202383,0.7122641509433962,0.26337448559670784,0.49612403100775193,0.34408602150537637,0.6819010037627626,0.2845834371002656,3392,848,5,25
20260331_173648,framingham,xgb,0.7203838586370246,0.8455188679245284,0.45,0.06976744186046512,0.12080536912751678,0.6686720358810146,0.2746995950154287,3392,848,5,25
20260331_173648,framingham,lgbm,0.7004056036302237,0.8466981132075472,0.47368421052631576,0.06976744186046512,0.12162162162162163,0.6375241237291243,0.26644839053832264,3392,848,5,25
