{
  "dataset": "framingham",
  "csv_path": "C:\\Users\\13363\\Desktop\\code\\algorithm\\framingham.csv",
  "target": "TenYearCHD",
  "model": "logreg",
  "best_params": {
    "model__C": 0.05
  },
  "cv_best_score_roc_auc": 0.7313289421227898,
  "test_metrics": {
    "accuracy": 0.6674528301886793,
    "precision": 0.2524271844660194,
    "recall": 0.6046511627906976,
    "f1": 0.3561643835616438,
    "roc_auc": 0.7004560597729405,
    "pr_auc": 0.3006329399975536,
    "confusion_matrix": [
      [
        488,
        231
      ],
      [
        51,
        78
      ]
    ]
  },
  "n_train": 3392,
  "n_test": 848,
  "cv_folds": 5,
  "n_iter": 25,
  "run_id": "20260331_173648"
}