{
  "dataset": "framingham",
  "csv_path": "C:\\Users\\13363\\Desktop\\code\\algorithm\\framingham.csv",
  "target": "TenYearCHD",
  "model": "lgbm",
  "best_params": {
    "model__subsample": 1.0,
    "model__reg_lambda": 2.0,
    "model__num_leaves": 31,
    "model__n_estimators": 500,
    "model__min_child_samples": 10,
    "model__learning_rate": 0.01,
    "model__colsample_bytree": 1.0
  },
  "cv_best_score_roc_auc": 0.7004056036302237,
  "test_metrics": {
    "accuracy": 0.8466981132075472,
    "precision": 0.47368421052631576,
    "recall": 0.06976744186046512,
    "f1": 0.12162162162162163,
    "roc_auc": 0.6375241237291243,
    "pr_auc": 0.26644839053832264,
    "confusion_matrix": [
      [
        709,
        10
      ],
      [
        120,
        9
      ]
    ]
  },
  "n_train": 3392,
  "n_test": 848,
  "cv_folds": 5,
  "n_iter": 25,
  "run_id": "20260331_173648"
}