{
  "dataset": "framingham",
  "csv_path": "C:\\Users\\13363\\Desktop\\code\\algorithm\\framingham.csv",
  "target": "TenYearCHD",
  "model": "rf",
  "best_params": {
    "model__n_estimators": 300,
    "model__min_samples_split": 10,
    "model__min_samples_leaf": 1,
    "model__max_features": "log2",
    "model__max_depth": 6
  },
  "cv_best_score_roc_auc": 0.7188305485202383,
  "test_metrics": {
    "accuracy": 0.7122641509433962,
    "precision": 0.26337448559670784,
    "recall": 0.49612403100775193,
    "f1": 0.34408602150537637,
    "roc_auc": 0.6819010037627626,
    "pr_auc": 0.2845834371002656,
    "confusion_matrix": [
      [
        540,
        179
      ],
      [
        65,
        64
      ]
    ]
  },
  "n_train": 3392,
  "n_test": 848,
  "cv_folds": 5,
  "n_iter": 25,
  "run_id": "20260331_173648"
}