{
  "dataset": "framingham",
  "csv_path": "C:\\Users\\13363\\Desktop\\code\\algorithm\\framingham.csv",
  "target": "TenYearCHD",
  "model": "cat",
  "best_params": {
    "model__learning_rate": 0.01,
    "model__l2_leaf_reg": 3,
    "model__iterations": 500,
    "model__depth": 6
  },
  "cv_best_score_roc_auc": 0.7289018045588855,
  "test_metrics": {
    "accuracy": 0.8466981132075472,
    "precision": 0.4444444444444444,
    "recall": 0.031007751937984496,
    "f1": 0.057971014492753624,
    "roc_auc": 0.6834751107804768,
    "pr_auc": 0.27955422611843894,
    "confusion_matrix": [
      [
        714,
        5
      ],
      [
        125,
        4
      ]
    ]
  },
  "n_train": 3392,
  "n_test": 848,
  "cv_folds": 5,
  "n_iter": 25,
  "run_id": "20260331_173648"
}