{
  "dataset": "cardio70k",
  "csv_path": "D:\\heart-cdss-algorithm\\cardio_train.csv",
  "target": "cardio",
  "run_id": "20260407_234231",
  "model": "lgbm",
  "best_params": {
    "subsample": 1.0,
    "reg_lambda": 1.0,
    "num_leaves": 127,
    "n_estimators": 1000,
    "min_child_samples": 20,
    "learning_rate": 0.01,
    "colsample_bytree": 0.85
  },
  "row": {
    "run_id": "20260407_234231",
    "dataset": "cardio70k",
    "model": "lgbm",
    "cv_roc_auc": 0.7792035394092792,
    "test_accuracy": 0.7316666666666667,
    "test_precision": 0.7324503311258278,
    "test_recall": 0.7339084273390842,
    "test_f1": 0.7331786542923434,
    "test_roc_auc": 0.7834470617360111,
    "test_pr_auc": 0.7596456257967013,
    "n_train": 12000,
    "n_test": 3000,
    "cv_folds": 3,
    "n_iter": 4,
    "shap": false
  }
}