{
  "dataset": "framingham",
  "csv_path": "C:\\Users\\13363\\Desktop\\code\\algorithm\\framingham.csv",
  "target": "TenYearCHD",
  "run_id": "20260331_173648",
  "model": "lgbm",
  "best_params": {
    "subsample": 1.0,
    "reg_lambda": 2.0,
    "num_leaves": 31,
    "n_estimators": 500,
    "min_child_samples": 10,
    "learning_rate": 0.01,
    "colsample_bytree": 1.0
  },
  "row": {
    "run_id": "20260331_173648",
    "dataset": "framingham",
    "model": "lgbm",
    "cv_roc_auc": 0.7004056036302237,
    "test_accuracy": 0.8466981132075472,
    "test_precision": 0.4736842105263157,
    "test_recall": 0.0697674418604651,
    "test_f1": 0.1216216216216216,
    "test_roc_auc": 0.6375241237291243,
    "test_pr_auc": 0.2664483905383226,
    "n_train": 3392,
    "n_test": 848,
    "cv_folds": 5,
    "n_iter": 25
  }
}