{
  "dataset": "framingham",
  "csv_path": "D:\\heart-cdss-algorithm\\framingham.csv",
  "target": "TenYearCHD",
  "run_id": "20260407_234017",
  "model": "lgbm",
  "best_params": {
    "subsample": 0.7,
    "reg_lambda": 0.0,
    "num_leaves": 127,
    "n_estimators": 500,
    "min_child_samples": 40,
    "learning_rate": 0.01,
    "colsample_bytree": 1.0
  },
  "row": {
    "run_id": "20260407_234017",
    "dataset": "framingham",
    "model": "lgbm",
    "cv_roc_auc": 0.6995069885808659,
    "test_accuracy": 0.8325471698113207,
    "test_precision": 0.2758620689655172,
    "test_recall": 0.0620155038759689,
    "test_f1": 0.1012658227848101,
    "test_roc_auc": 0.6251145540209808,
    "test_pr_auc": 0.2407196820368076,
    "n_train": 3392,
    "n_test": 848,
    "cv_folds": 3,
    "n_iter": 6,
    "shap": false
  }
}