{
  "dataset": "uci_cleveland",
  "csv_path": "C:\\Users\\13363\\Desktop\\code\\algorithm\\heart_disease_uci.csv",
  "target": "num",
  "run_id": "20260331_195712",
  "model": "lgbm",
  "best_params": {
    "subsample": 0.7,
    "reg_lambda": 0.0,
    "num_leaves": 127,
    "n_estimators": 500,
    "min_child_samples": 40,
    "learning_rate": 0.01,
    "colsample_bytree": 1.0
  },
  "row": {
    "run_id": "20260331_195712",
    "dataset": "uci_cleveland",
    "model": "lgbm",
    "cv_roc_auc": 0.8941477202346768,
    "test_accuracy": 0.9016393442622952,
    "test_precision": 0.8666666666666667,
    "test_recall": 0.9285714285714286,
    "test_f1": 0.896551724137931,
    "test_roc_auc": 0.9642857142857144,
    "test_pr_auc": 0.9592023454313536,
    "n_train": 243,
    "n_test": 61,
    "cv_folds": 5,
    "n_iter": 20,
    "shap": true
  }
}